{
    "loss": 4.512742042541504,
    "accuracy": 0.9539170265197754
}